id,name,email
1,Beatrice Franciskiewicz,bfranciskiewicz0@freewebs.com
2,Angie Gurr,agurr1@free.fr
3,Terrie Petraitis,tpetraitis2@msu.edu
4,Val Howman,vhowman3@mediafire.com
5,Tait Lanaway,tlanaway4@addtoany.com
6,Dalston Wheowall,dwheowall5@macromedia.com
7,Harriette Nolleth,hnolleth6@qq.com
8,Massimo Witchalls,mwitchalls7@blogger.com
9,Nerta Sadlier,nsadlier8@cnet.com
10,Othilie Dring,odring9@blinklist.com
11,Daveta Sheerman,dsheermana@linkedin.com
12,Peyter Balderson,pbaldersonb@sina.com.cn
13,Felipa Willcot,
14,Errol Waight,ewaightd@blinklist.com
15,Carlynne Blais,
16,Judd Ree,jreef@histats.com
17,Blane Bowmer,bbowmerg@odnoklassniki.ru
18,George Yashnov,gyashnovh@ameblo.jp
19,Milicent Christiensen,mchristienseni@yahoo.com
20,Caresa Drydale,cdrydalej@whitehouse.gov
21,Corbin Creany,ccreanyk@4shared.com
22,Wenona Barwise,wbarwisel@people.com.cn
23,Johnathon Abreheart,jabreheartm@de.vu
24,Merrilee Horche,
25,Lennie Risman,lrismano@oaic.gov.au
26,Danit Symon,
27,Emmie Westbury,ewestburyq@desdev.cn
28,Hastie Folshom,
29,Winfred Klaggeman,wklaggemans@i2i.jp
30,Gerladina Van Halle,gvant@state.tx.us
31,Eleonore Sanbrooke,esanbrookeu@vimeo.com
32,Dom Dorney,ddorneyv@shop-pro.jp
33,Noble Balint,nbalintw@techcrunch.com
34,Krista Duell,kduellx@cnbc.com
35,Gearalt Suermeiers,gsuermeiersy@fema.gov
36,Gregor Mayzes,gmayzesz@cocolog-nifty.com
37,Lauren Dobsons,
38,Ashlee Purrington,apurrington11@unc.edu
39,Vern Madison,vmadison12@jimdo.com
40,Consalve Klaaasen,cklaaasen13@nih.gov
41,Art Dri,adri14@dyndns.org
42,Ardisj Champerlen,achamperlen15@hexun.com
43,Donnajean McGraw,dmcgraw16@123-reg.co.uk
44,Georgette Wincott,
45,Jerrold Pickworth,jpickworth18@hhs.gov
46,Ewart Vasin,evasin19@jimdo.com
47,Lewes Simoncello,lsimoncello1a@wisc.edu
48,Silvie Ryde,
49,Alaster Toffaloni,atoffaloni1c@jiathis.com
50,Sabina Gannaway,sgannaway1d@cargocollective.com
51,Saloma Hambright,shambright1e@telegraph.co.uk
52,Tori Pordall,
53,Shauna Jewer,sjewer1g@economist.com
54,Dianna Whitchurch,dwhitchurch1h@quantcast.com
55,Bruis Baniard,bbaniard1i@ihg.com
56,Farly Gecke,fgecke1j@flavors.me
57,Sabrina Cummings,scummings1k@e-recht24.de
58,Abram Perfitt,aperfitt1l@paginegialle.it
59,Kane Zywicki,kzywicki1m@wordpress.com
60,Ali Heinig,aheinig1n@wix.com
61,Minerva Cawkwell,mcawkwell1o@bandcamp.com
62,Dur Giffen,dgiffen1p@alibaba.com
63,Selinda Harburtson,sharburtson1q@scribd.com
64,Anne Wittrington,awittrington1r@boston.com
65,Jodie Pinchen,jpinchen1s@cafepress.com
66,Marianna Hallbird,
67,Linnell Gong,lgong1u@si.edu
68,Moss Girod,mgirod1v@feedburner.com
69,Pippa Levecque,plevecque1w@comsenz.com
70,Tibold Tingcomb,ttingcomb1x@goodreads.com
71,Andromache Dunridge,
72,Luis Millott,
73,Mose McCart,mmccart20@free.fr
74,Monique Grey,mgrey21@xinhuanet.com
75,Tabitha Twells,ttwells22@chronoengine.com
76,Trish Fortey,tfortey23@tumblr.com
77,Tabina Sheircliffe,tsheircliffe24@msn.com
78,Julita Keaysell,jkeaysell25@joomla.org
79,Pate Gorgen,pgorgen26@cdbaby.com
80,Gib Gueny,ggueny27@ovh.net
81,Dewie Shacklady,dshacklady28@google.com.hk
82,Maribeth Bettanay,mbettanay29@census.gov
83,Tybi Dancer,tdancer2a@stumbleupon.com
84,Bridgette Malimoe,bmalimoe2b@adobe.com
85,Otha Adlington,oadlington2c@cyberchimps.com
86,Sky Breedy,
87,Melamie Plitz,mplitz2e@ovh.net
88,Tiertza Oneil,toneil2f@pinterest.com
89,Maurizia Lacaze,
90,Harmonie Redihalgh,hredihalgh2h@comsenz.com
91,Sephira Pease,spease2i@networkadvertising.org
92,Waverly MacDowall,wmacdowall2j@ca.gov
93,Matelda Newland,mnewland2k@wikipedia.org
94,Wilbur Speer,
95,Karilynn Copello,kcopello2m@mediafire.com
96,Lilllie Basden,lbasden2n@time.com
97,Clarance Meindl,cmeindl2o@ihg.com
98,Kristina Abyss,kabyss2p@mlb.com
99,Ofilia Tompkin,otompkin2q@feedburner.com
99.9,Ninety Nine,
100,Dalston Napleton,dnapleton2r@elegantthemes.com
101,Spense Haythorn,shaythorn2s@hc360.com
102,Bengt Scholtz,bscholtz2t@abc.net.au
103,Waldon Murtimer,wmurtimer2u@bizjournals.com
104,Kym Odom,
105,Itch Dumbellow,idumbellow2w@japanpost.jp
106,Consuela Marking,cmarking2x@yelp.com
107,Kipper Colam,
108,Hewett Titheridge,htitheridge2z@youtube.com
109,Putnem Linkie,plinkie30@fda.gov
110,North Hillyatt,
111,Emilie Rosenthal,erosenthal32@cnet.com
112,Dorothee McCaskill,dmccaskill33@goodreads.com
113,Neille Girault,
114,Karine Simmance,ksimmance35@rakuten.co.jp
115,Eddie Riepl,eriepl36@businessweek.com
116,Olivero Clewlow,oclewlow37@github.io
117,Alameda Franklyn,
118,Cristobal Mewitt,cmewitt39@sciencedaily.com
119,Shana Mogra,smogra3a@springer.com
120,Dareen Gatteridge,dgatteridge3b@nydailynews.com
121,Zollie Bowness,zbowness3c@ibm.com
122,Peggie Janousek,pjanousek3d@alexa.com
123,Benedicta Aldine,baldine3e@diigo.com
124,Andy Rawlcliffe,
125,Katya Treadwell,ktreadwell3g@google.com
126,Ingamar Messingham,imessingham3h@delicious.com
127,Milissent Scothern,mscothern3i@parallels.com
128,Sioux Fitzpatrick,
129,Gal Lagde,glagde3k@reverbnation.com
130,Halley Maddra,
131,Carlyn Vennart,
132,Lay Oguz,loguz3n@youku.com
133,Cad Farnon,cfarnon3o@so-net.ne.jp
134,Alejandra Dowty,adowty3p@seattletimes.com
135,Desmond Konertz,
136,Carmel Hamer,chamer3r@discuz.net
137,Dee Overstone,
138,Mella Labram,mlabram3t@edublogs.org
139,Hortense Redhouse,hredhouse3u@bloglovin.com
140,Cherin Nisen,cnisen3v@nifty.com
141,Cornela Tuerena,ctuerena3w@tinypic.com
142,Myrah Lundon,mlundon3x@ehow.com
143,Belia Wykes,bwykes3y@yelp.com
144,Lonee Janicijevic,ljanicijevic3z@zdnet.com
145,Harriett Ganforth,hganforth40@gravatar.com
146,Torre O'Hannen,
147,Inglebert Le - Count,ile42@w3.org
148,Olly Middup,
149,Loraine Alexandersson,lalexandersson44@google.it
150,Nikolas Daoust,ndaoust45@sphinn.com
151,Joice Tocqueville,
152,Rurik Crole,rcrole47@aboutads.info
153,Ernesto Lamers,elamers48@tmall.com
154,Cello Paddemore,cpaddemore49@elpais.com
155,Collen Riedel,criedel4a@sun.com
156,Nerta Pee,
157,Clare Finlay,cfinlay4c@berkeley.edu
158,Dewitt Kershow,dkershow4d@webeden.co.uk
159,Fredericka Shieldon,fshieldon4e@networksolutions.com
160,Torrance Reynoollds,treynoollds4f@google.ru
161,Ximenez Edds,xedds4g@cargocollective.com
162,Bryan Pillinger,bpillinger4h@businesswire.com
163,Horatia Faber,hfaber4i@fotki.com
164,Curran Bage,cbage4j@si.edu
165,Dew Renachowski,drenachowski4k@privacy.gov.au
166,Rich Askam,raskam4l@live.com
167,Sander Stuther,
168,Belia Le Batteur,ble4n@google.es
169,Dennis Dybbe,ddybbe4o@xing.com
170,Jeni Ganley,
171,Crichton Zorener,czorener4q@cnn.com
172,Trefor Eyre,
173,Ursuline Gorst,ugorst4s@about.com
174,Felipa Warwick,fwarwick4t@reddit.com
175,Bonni Heasly,bheasly4u@slideshare.net
176,Idalina Longhorn,ilonghorn4v@tripod.com
177,Garvey Frier,gfrier4w@goo.gl
178,Brittani Lemerie,blemerie4x@g.co
179,Norina McIntosh,nmcintosh4y@goo.ne.jp
180,Grantham Brolechan,
181,Hedwig Mathonnet,hmathonnet50@boston.com
182,Cesar Clixby,cclixby51@google.es
183,Melisande Silverson,msilverson52@sohu.com
184,Margalo Norewood,mnorewood53@yellowpages.com
185,Jess Ferre,jferre54@usa.gov
186,Judie Canario,jcanario55@bbc.co.uk
187,Haley Jelly,hjelly56@gmpg.org
188,Aurlie Keener,akeener57@histats.com
189,Steward Wickman,swickman58@goo.gl
190,L;urette Alessandrucci,
191,Eliot Fedynski,efedynski5a@vinaora.com
192,Erick Barwack,ebarwack5b@usda.gov
193,Gerry Garfirth,ggarfirth5c@zdnet.com
194,Ansel Sleep,asleep5d@blinklist.com
195,Caro Thurlbeck,cthurlbeck5e@technorati.com
196,Andre Lent,alent5f@tripadvisor.com
197,Olag Moncey,omoncey5g@tuttocitta.it
198,Phillida Loche,
199,Jenny Eighteen,
AAA,AAA AAA,
200,Shannon Ferrai,sferrai5j@hhs.gov
201,Filberte Storms,fstorms5k@google.com.hk
202,Bail Sturdey,bsturdey5l@rediff.com
203,Langston Corain,lcorain5m@auda.org.au
204,D'arcy Inglis,
205,Etta Beaman,ebeaman5o@cafepress.com
206,James Kezar,jkezar5p@i2i.jp
207,Merrill Eagar,meagar5q@wired.com
208,Celle Collett,ccollett5r@phpbb.com
209,Gigi Norsworthy,gnorsworthy5s@omniture.com
210,Othelia Brecher,obrecher5t@tumblr.com
211,Verine Fewings,
212,Trenton Farrow,tfarrow5v@amazon.com
213,Charo Haucke,chaucke5w@themeforest.net
214,Shannon Edge,sedge5x@cbc.ca
215,Beltran Chumley,bchumley5y@cargocollective.com
216,Fabian Kenryd,fkenryd5z@deliciousdays.com
217,Granger Linsley,glinsley60@aol.com
218,Avictor Atcherley,aatcherley61@vk.com
219,Morton Coche,mcoche62@arstechnica.com
220,Barbe Oguz,boguz63@etsy.com
221,Daffie Withers,dwithers64@google.pl
222,Quentin Tatton,qtatton65@printfriendly.com
223,Luise Linder,
224,Shanan M'Quharge,smquharge67@arizona.edu
225,Meade O'Quin,
226,Reid Birchenhead,rbirchenhead69@apache.org
227,Urbanus Fatharly,ufatharly6a@businesswire.com
228,Iormina Graal,igraal6b@unesco.org
229,Magdaia Steffan,msteffan6c@weebly.com
230,Clair Burrass,cburrass6d@amazon.com
231,Dick Andriuzzi,dandriuzzi6e@addtoany.com
232,Torie Bayliss,
233,Brandie Sperrett,bsperrett6g@google.nl
234,Rudolf Franies,rfranies6h@irs.gov
235,Devin Valentino,dvalentino6i@latimes.com
236,Tripp Demaid,tdemaid6j@nyu.edu
237,Clovis Hargate,chargate6k@ning.com
238,Tallie Mortlock,tmortlock6l@phpbb.com
239,Lorenza Grabham,lgrabham6m@squarespace.com
240,Luci Sewards,lsewards6n@nifty.com
241,Arabel Paff,apaff6o@ucsd.edu
242,Zebadiah Szreter,
243,Ravi Chadwell,rchadwell6q@nsw.gov.au
244,Geneva Howells,ghowells6r@ibm.com
245,Sianna Leavey,sleavey6s@feedburner.com
246,Parnell Lammers,plammers6t@jugem.jp
247,Alvinia McCallam,
248,Griz McKinna,gmckinna6v@sfgate.com
249,Nappy Eate,neate6w@youku.com
250,Appolonia Seeler,aseeler6x@people.com.cn
251,Aldo Dedney,adedney6y@admin.ch
252,Jules Tresvina,jtresvina6z@virginia.edu
253,Amalle Rosiello,arosiello70@scientificamerican.com
254,Camala Allchorn,callchorn71@bizjournals.com
255,Adolf Harris,aharris72@aboutads.info
256,Licha Fincke,lfincke73@artisteer.com
257,Effie Czyz,eczyz74@twitter.com
258,Carine Farans,cfarans75@paginegialle.it
259,Reinald Mouatt,rmouatt76@dyndns.org
260,Elsi Kobsch,ekobsch77@nsw.gov.au
261,Anallise Tisor,atisor78@webs.com
262,Carmine Winwright,cwinwright79@newsvine.com
263,Berenice Tenant,btenant7a@yahoo.com
264,Nikolai Barcke,
265,Lemuel Greedy,lgreedy7c@addthis.com
266,Margaretha O'Corren,mocorren7d@lulu.com
267,Rozanne Fraczek,rfraczek7e@ed.gov
268,Laney Haliburn,lhaliburn7f@cdbaby.com
269,Findlay MacCaig,fmaccaig7g@4shared.com
270,Gus Ullett,gullett7h@purevolume.com
271,Georgi McCracken,gmccracken7i@privacy.gov.au
272,Janaya Calderhead,jcalderhead7j@51.la
273,Cinderella Dalgardno,cdalgardno7k@t-online.de
274,Sella Gravener,sgravener7l@amazon.co.jp
275,Eldridge McGuffie,emcguffie7m@theglobeandmail.com
276,Latrina Wilcock,lwilcock7n@topsy.com
277,Josselyn Warricker,jwarricker7o@t.co
278,Carin Fairn,
279,Ashlan Whiteman,awhiteman7q@home.pl
280,Eb Sommerlie,esommerlie7r@howstuffworks.com
281,Reta Hackworthy,rhackworthy7s@com.com
282,Merna Bucke,mbucke7t@apple.com
283,Gipsy covino,
284,Una Cancutt,ucancutt7v@plala.or.jp
285,Halimeda Turfs,hturfs7w@ebay.com
286,Silvie Sheldon,ssheldon7x@yellowbook.com
287,Lisetta Janku,ljanku7y@msn.com
288,Viki Jorioz,vjorioz7z@harvard.edu
289,Christa Ghest,cghest80@indiegogo.com
290,Ranee Horsfield,rhorsfield81@artisteer.com
291,Kali Boggish,kboggish82@ucla.edu
292,Lanni Crunkhorn,lcrunkhorn83@people.com.cn
293,Bradly Barrasse,bbarrasse84@posterous.com
294,Wallie Wintle,wwintle85@dropbox.com
295,Alvera Clohisey,aclohisey86@paginegialle.it
296,Gayler St Pierre,gst87@blogs.com
297,Merrel Petschel,
298,Pancho Anders,
299,,
300,Marci Bernat,mbernat8b@ibm.com
301,Zara Syder,
302,Lillis Merring,lmerring8d@bloglines.com
303,Sheelagh Kusick,skusick8e@quantcast.com
304,Cristine Werlock,cwerlock8f@theguardian.com
305,Raynor Clearley,rclearley8g@icq.com
306,Ingamar Gress,igress8h@xrea.com
307,Casandra Winchester,cwinchester8i@bigcartel.com
308,Allan Seydlitz,aseydlitz8j@intel.com
309,Adlai Veck,aveck8k@clickbank.net
310,Trevor Cobleigh,tcobleigh8l@dropbox.com
311,Bea Eakens,beakens8m@google.ca
312,Patrice Doers,pdoers8n@wufoo.com
313,Paulita Wormstone,pwormstone8o@comsenz.com
314,Mathe Pauleau,mpauleau8p@usgs.gov
315,Ermanno Scouller,
316,Rockwell Stoggles,
317,Shelby Cutler,scutler8s@soundcloud.com
318,Erin Rideout,erideout8t@si.edu
319,Artemas Kobera,akobera8u@biglobe.ne.jp
320,Zena Sircombe,zsircombe8v@webeden.co.uk
321,Chelsy Wybron,cwybron8w@cnbc.com
322,Andrey Revitt,arevitt8x@1und1.de
323,Donavon Shuttle,dshuttle8y@seesaa.net
324,Josey Blackley,jblackley8z@marketwatch.com
325,Saleem Caudrelier,
326,Skipton Pleuman,spleuman91@dyndns.org
327,Giffard Paulat,gpaulat92@youtube.com
328,Marlo Groven,mgroven93@bluehost.com
329,Mallory Tanslie,mtanslie94@youtu.be
330,Abbe Fairham,afairham95@flavors.me
331,Lorri Lannon,llannon96@vistaprint.com
332,Lester Clyne,lclyne97@scientificamerican.com
333,Emerson Vlahos,
334,Phaidra Skittle,pskittle99@google.fr
335,Francyne Stanion,fstanion9a@aboutads.info
336,Corny Duckworth,cduckworth9b@freewebs.com
337,Martie Diment,mdiment9c@nymag.com
338,Hal Hundal,hhundal9d@mozilla.com
339,Boycey Toplin,btoplin9e@topsy.com
340,Garrott Stearn,gstearn9f@photobucket.com
341,Katharine Peevor,
342,Josefa Garthside,jgarthside9h@prnewswire.com
343,Alanna Leyden,aleyden9i@usgs.gov
344,Kim Murdy,kmurdy9j@hp.com
345,Zachary Youngs,zyoungs9k@independent.co.uk
346,Jaquelin Jancik,jjancik9l@nifty.com
347,Jillene McNalley,jmcnalley9m@blogs.com
348,Vladamir Zoppo,vzoppo9n@ca.gov
349,Shoshana Ruskin,sruskin9o@ebay.co.uk
350,Vanya Farebrother,vfarebrother9p@usa.gov
351,Dunstan Joule,djoule9q@adobe.com
352,Helene Canning,hcanning9r@go.com
353,Tommie Aymeric,taymeric9s@pcworld.com
354,Perren Yvens,pyvens9t@dmoz.org
355,Skippy Spreull,sspreull9u@spotify.com
356,Juditha Corro,
357,Garner Cratchley,gcratchley9w@europa.eu
358,Olin Deek,odeek9x@narod.ru
359,Andonis Flay,aflay9y@wunderground.com
360,Basilio Cutcliffe,bcutcliffe9z@ucla.edu
361,Brynne Giottoi,bgiottoia0@blogs.com
362,Cob Kilgallen,ckilgallena1@altervista.org
363,Manuel Pollicatt,mpollicatta2@linkedin.com
364,Abram Benardeau,abenardeaua3@sun.com
365,Lana Summerell,lsummerella4@sourceforge.net
366,Cazzie Breinl,cbreinla5@example.com
367,Lion Fitchell,lfitchella6@wikispaces.com
368,Alyson Kob,akoba7@theglobeandmail.com
369,Norry Brimm,nbrimma8@pcworld.com
370,Priscella Pearch,
371,Benita Grigoli,bgrigoliaa@feedburner.com
372,Marcello Vannacci,mvannacciab@samsung.com
373,Audy Bouzek,abouzekac@ebay.com
374,Luce Otto,lottoad@blogtalkradio.com
375,Olivie Wardley,
376,Lishe Serrels,lserrelsaf@mayoclinic.com
377,Denice Merrin,dmerrinag@about.com
378,Cherise Coslett,ccoslettah@upenn.edu
379,Devonna Roder,droderai@vkontakte.ru
380,Pat Aingel,paingelaj@exblog.jp
381,Friedrick Mannering,fmanneringak@google.co.jp
382,Benita Challens,bchallensal@techcrunch.com
383,Bordie Shird,bshirdam@wikia.com
384,Afton MacUchadair,amacuchadairan@howstuffworks.com
385,Sondra Joselevitz,
386,Rriocard Canada,rcanadaap@people.com.cn
387,Gannie Treacy,gtreacyaq@csmonitor.com
388,Tuesday Fowle,
389,Bernadina Eaddy,beaddyas@deviantart.com
390,Marius Forre,mforreat@wsj.com
391,Mauricio Dimmock,mdimmockau@tiny.cc
392,Catha Roylance,croylanceav@cbc.ca
393,Torrance Marskell,tmarskellaw@vk.com
394,Bab Gumb,bgumbax@jiathis.com
395,Mayer Gilvear,mgilvearay@wikispaces.com
396,Granville Lotze,glotzeaz@icio.us
397,Stephannie Hynes,
398,Sean MacCathay,smaccathayb1@hc360.com
399
3999,,,
400,Winni Dollard,wdollardb3@ihg.com
401,Udale Corkell,ucorkellb4@wordpress.org
402,Chryste Grundon,cgrundonb5@bloomberg.com
403,Hilly Cambell,hcambellb6@cnbc.com
404,Delmar Lundbech,dlundbechb7@mozilla.com
405,Teodoor Sijmons,
406,Clerkclaude Hunnicutt,chunnicuttb9@usgs.gov
407,Delphine Farnish,dfarnishba@prweb.com
408,Ezmeralda Yakunkin,eyakunkinbb@prnewswire.com
409,Helenelizabeth Yacob,hyacobbc@cnbc.com
410,Alanson Christofol,achristofolbd@ibm.com
411,Gallard Odom,godombe@chicagotribune.com
412,Cristen Mogey,cmogeybf@addtoany.com
413,Miguela Kopf,mkopfbg@qq.com
414,Danni Cuardall,dcuardallbh@gizmodo.com
415,Miltie Alvarado,malvaradobi@miibeian.gov.cn
416,Ann-marie Astling,
417,Tilda Champley,tchampleybk@canalblog.com
418,Daune Moakson,dmoaksonbl@icq.com
419,Dorey Von Der Empten,dvonbm@freewebs.com
420,Osborn Life,olifebn@mac.com
421,Cordelie Cubbin,ccubbinbo@booking.com
422,Ardenia Schultz,aschultzbp@ibm.com
423,Amandy Roe,
424,Mick Barnett,
425,Rosana Novis,rnovisbs@washington.edu
426,Marlo Jovicevic,mjovicevicbt@nps.gov
427,Mile Burbudge,mburbudgebu@unicef.org
428,Corbie Aberdalgy,caberdalgybv@nih.gov
429,Stefania Ortas,
430,Dorita Alchin,
431,Anselm Seson,asesonby@a8.net
432,Rogers Rolls,rrollsbz@4shared.com
433,Bret Dunnico,bdunnicoc0@npr.org
434,Brynn Costello,bcostelloc1@earthlink.net
435,Margarete Durnin,mdurninc2@youtube.com
436,Rowen Beadon,rbeadonc3@soundcloud.com
437,Donelle Learmont,dlearmontc4@amazon.co.jp
438,Jackie Ellinor,jellinorc5@addthis.com
439,Federico Lemerle,flemerlec6@toplist.cz
440,Laurette Bramley,lbramleyc7@china.com.cn
441,Richart Pahl,
442,Elizabet Douberday,edouberdayc9@tripadvisor.com
443,Weylin Ewart,wewartca@youku.com
444,Deck Demer,
445,Leena Lamont,llamontcc@taobao.com
446,Carlota Mewe,cmewecd@squarespace.com
447,Petronilla Siggin,
448,Wye Tottman,
449,Marquita Wealleans,mwealleanscg@people.com.cn
,,
450,Tish Molohan,tmolohanch@unc.edu
451,Dalt Colquit,
452,Gwenette Shardlow,gshardlowcj@livejournal.com
453,Betta Rentz,brentzck@comsenz.com
454,Matthieu Ruston,mrustoncl@dmoz.org
455,Jacki Reignard,jreignardcm@stanford.edu
456,Fayina Petersen,fpetersencn@webeden.co.uk
457,Mallorie Showalter,mshowalterco@artisteer.com
458,Rabi Poppleston,rpopplestoncp@myspace.com
459,Ginger Inch,ginchcq@livejournal.com
460,Kim Nizet,knizetcr@meetup.com
461,Ondrea Isacoff,
462,Chance Baline,cbalinect@state.gov
463,Ernestine Wyllt,ewylltcu@people.com.cn
464,Abby Schimmang,aschimmangcv@marriott.com
465,Paul Sheringham,psheringhamcw@auda.org.au
466,Rowney Willcott,rwillcottcx@ebay.co.uk
467,Darryl Grunbaum,dgrunbaumcy@shop-pro.jp
468,Violette Pead,vpeadcz@sfgate.com
469,Belinda Kennefick,bkennefickd0@sciencedirect.com
470,Angelique Senter,
471,Tansy Manger,tmangerd2@homestead.com
472,Elisabeth Davidovits,edavidovitsd3@forbes.com
473,Cornela Long,clongd4@so-net.ne.jp
474,Edy Davidsson,
475,Batholomew Agus,bagusd6@marriott.com
476,Jamal Gowdie,jgowdied7@fotki.com
477,Leeland Hasluck,lhasluckd8@nbcnews.com
478,Conney Gask,cgaskd9@imgur.com
479,Tedman Parslow,tparslowda@trellian.com
480,Inglebert Wivell,iwivelldb@adobe.com
481,Myranda Belhome,mbelhomedc@theglobeandmail.com
482,Vivie Kippie,vkippiedd@boston.com
483,Rafferty O'Haire,rohairede@alibaba.com
484,Bentley Prosh,bproshdf@scientificamerican.com
485,Diandra Wavell,dwavelldg@smugmug.com
486,Selma Noe,snoedh@sfgate.com
487,Louisette Chetwin,lchetwindi@twitpic.com
488,Aubine Burgin,aburgindj@bloglovin.com
489,Belle Von Welldun,bvondk@csmonitor.com
490,Danella Fifoot,dfifootdl@thetimes.co.uk
491,Edin Fusco,efuscodm@icio.us
492,Nadine Firpo,nfirpodn@sourceforge.net
493,Jinny Marrett,
494,Cori Godard,cgodarddp@pcworld.com
495,Emogene Steers,esteersdq@mayoclinic.com
496,Jewelle Aindrais,jaindraisdr@state.gov
497,Arty McCaw,amccawds@imageshack.us
498,Lindy Breslau,lbreslaudt@lulu.com
499,Dean Spread,dspreaddu@nsw.gov.au

.

500,Gonzalo Buxey,gbuxeydv@dedecms.com
